id,label,file name,thumbnail,space,filter,type
FRM_1DF_1BIN,"EURO 1 DRAWER, BIN ",FRM_FLT_0001.skp,FRM_FLT_0001.jpg,kitchen,base,flat
FRM_1DF_1DRW,EURO 1 DRAWER ,FRM_FLT_0002.skp,FRM_FLT_0002.jpg,kitchen,base,flat
FRM_1DF_2DRW,"EURO 1 DRAWER FRONT, 2 DRAWERS",FRM_FLT_0003.skp,FRM_FLT_0003.jpg,kitchen,base,flat
FRM_1DF_2DRWLH ,"EURO DOOR FRONT LH, 2 DRAWERS",FRM_FLT_0004.skp,FRM_FLT_0004.jpg,kitchen,base,flat
FRM_1DF_2DRWRH#,"EURO DOOR FRONT RH, 2 DRAWERS",FRM_FLT_0005.skp,FRM_FLT_0005.jpg,kitchen,base,flat
FRM_1DF_3DRW,"EURO 1 DRAWER FRONT, 3 DRAWERS",FRM_FLT_0006.skp,FRM_FLT_0006.jpg,kitchen,base,flat
FRM_1DF_3DRWLH ,"EURO DOOR LH, 3 DRAWERS",FRM_FLT_0007.skp,FRM_FLT_0007.jpg,kitchen,base,flat
FRM_1DF_3DRWLR#,"EURO DOOR LR,  3 DRAWERS",FRM_FLT_0008.skp,FRM_FLT_0008.jpg,kitchen,base,flat
FRM_1DF_3DRWRH#,"EURO DOOR RH,  3 DRAWERS",FRM_FLT_0009.skp,FRM_FLT_0009.jpg,kitchen,base,flat
FRM_1SHELF_LH,"EURO LH, 1 SHELF",FRM_FLT_0010.skp,FRM_FLT_0010.jpg,kitchen,base,flat
FRM_1SHELF_LR,"EURO LR, 1 SHELF",FRM_FLT_0011.skp,FRM_FLT_0011.jpg,kitchen,base,flat
FRM_1SHELF_OPEN,1 SHELF INSET,FRM_FLT_0012.skp,FRM_FLT_0012.jpg,kitchen,base,open
FRM_1SHELF_RH,"EURO DOOR RH, 1 SHELF",FRM_FLT_0013.skp,FRM_FLT_0013.jpg,kitchen,base,flat
FRM_2DF_2DRW,EURO 2 DRAWERS,FRM_FLT_0014.skp,FRM_FLT_0014.jpg,kitchen,base,flat
FRM_2DF_3DRW,"EURO DRAWER FRONT, 3 DRAWERS",FRM_FLT_0015.skp,FRM_FLT_0015.jpg,kitchen,base,flat
FRM_2DR_2DRW_LR ,"EURO DOOR LR, 2 DRAWERS",FRM_FLT_0016.skp,FRM_FLT_0016.jpg,kitchen,base,flat
FRM_2DR_OPI,2 DRAWER INSET,FRM_FLT_0017.skp,FRM_FLT_0017.jpg,kitchen,base,open
FRM_2SHELF_LH,"EURO DOOR LH, 2 SHELF",FRM_FLT_0018.skp,FRM_FLT_0018.jpg,kitchen,base,flat
FRM_2SHELF_LR,"EURO DOOR LR, 2 SHELF",FRM_FLT_0019.skp,FRM_FLT_0019.jpg,kitchen,base,flat
FRM_2SHELF_OPEN,2 SHELF INSET,FRM_FLT_0020.skp,FRM_FLT_0020.jpg,kitchen,base,open
FRM_2SHELF_RH#,"EURO FLAT DOOR RH, 2 SHELF",FRM_FLT_0021.skp,FRM_FLT_0021.jpg,kitchen,base,flat
FRM_3DF_DRW,EURO FLAT 3 DRAWERS,FRM_FLT_0022.skp,FRM_FLT_0022.jpg,kitchen,base,flat
FRM_3DRW_OPI,3 DRAWER INSET,FRM_FLT_0023.skp,FRM_FLT_0023.jpg,kitchen,base,open
FRM_OVEN_2DRW_LH,"EURO 2 DRAWER, OVEN, DOOR LH, 2 SHELVES",FRM_FLT_0024.skp,FRM_FLT_0024.jpg,kitchen,tall,flat
FRM_OVEN_2DRW_RH#,"EURO 2 DRAWER, OVEN, DOOR RH, 2 SHELVES",FRM_FLT_0025.skp,FRM_FLT_0025.jpg,kitchen,tall,flat
FRM_OVEN_OVERDRW,EURO DRAWER UNDER OVEN,FRM_FLT_0026.skp,FRM_FLT_0026.jpg,kitchen,base,flat
FRM_OVEN_UNDER,EURO DRAWER OVER OVEN,FRM_FLT_0027.skp,FRM_FLT_0027.jpg,kitchen,base,flat
FRM_STKD_OVEN_2DRW_LH,"EURO 2 DRAWER, OVEN STACK, DOOR LH",FRM_FLT_0028.skp,FRM_FLT_0028.jpg,kitchen,tall,flat
FRM_STKD_OVEN_2DRW_RH#,"EURO 2 DRAWER, OVEN STACK, DOOR RH",FRM_FLT_0029.skp,FRM_FLT_0029.jpg,kitchen,tall,flat
FRM_TDF_3DRW4SHELVES_O,"EURO 3 DRAWER, 4 SHELVES INSET",FRM_FLT_0030.skp,FRM_FLT_0030.jpg,kitchen,tall,open
FRM_TDF_3DRW4SHELVES_R#,"EURO DOOR RH, 3 DRAWER, 4 SHELVES",FRM_FLT_0031.skp,FRM_FLT_0031.jpg,kitchen,tall,flat
FRM_TDF_3DRW4SHELVESL,"EURO DOOR LH, 3 DRAWER, 4 SHELVES",FRM_FLT_0032.skp,FRM_FLT_0032.jpg,kitchen,tall,flat
FRM_TDF_3DRW4SHELVESLR#,"EURO DOOR LR, 3 DRAWER, 4 SHELVES",FRM_FLT_0033.skp,FRM_FLT_0033.jpg,kitchen,tall,flat
FRM_TDF_4DRW3SHELVES_O,"EURO 4 DRAWER, 3 SHELVES INSET",FRM_FLT_0034.skp,FRM_FLT_0034.jpg,kitchen,tall,open
FRM_TDF_4DRW3SHELVES_R#,"EURO DOOR RH, 4 DRAWER, 3 SHELVES",FRM_FLT_0035.skp,FRM_FLT_0035.jpg,kitchen,tall,flat
FRM_TDF_4DRW3SHELVESL,"EURO DOOR LH, 4 DRAWER, 3 SHELVES",FRM_FLT_0036.skp,FRM_FLT_0036.jpg,kitchen,tall,flat
FRM_TDF_4DRW3SHELVESLR#,"EURO DOOR LR, 4 DRAWER, 3 SHELVES",FRM_FLT_0037.skp,FRM_FLT_0037.jpg,kitchen,tall,flat
FRM_TDF_5DRW_SHELVES_L,"EURO DOOR L, 5 DRAWER, 2 SHELVES",FRM_FLT_0038.skp,FRM_FLT_0038.jpg,kitchen,tall,flat
FRM_TDF_5DRW_SHELVES_LR,"EURO DOOR LR, 5 DRAWER, 2 SHELVES",FRM_FLT_0039.skp,FRM_FLT_0039.jpg,kitchen,tall,flat
FRM_TDF_5DRW_SHELVES_O,"EURO 5 DRAWERS, 2 SHELVES INSET",FRM_FLT_0040.skp,FRM_FLT_0040.jpg,kitchen,tall,open
FRM_TDF_5DRW_SHELVES_R#,"EURO DOOR R, 5 DRAWER, 2 SHELVES",FRM_FLT_0041.skp,FRM_FLT_0041.jpg,kitchen,tall,flat
FRM-EPTY,EMPTY BOX ,FRM_FLT_0042.skp,FRM_FLT_0042.jpg,all,base,open
FRM-EPTY_L,EMPTY BOX DOOR LH ,FRM_FLT_0043.skp,FRM_FLT_0043.jpg,all,base,flat
FRM-EPTY_LR#,EMPTY BOX DOOR LR,FRM_FLT_0044.skp,FRM_FLT_0044.jpg,all,base,flat
FRM-EPTY_R#,EMPTY BOX DOOR RH,FRM_FLT_0045.skp,FRM_FLT_0045.jpg,all,base,flat
FRM_CORNERCAB_LH,"EURO CORNER DOOR LH, 1 SHELF ",FRM_FLT_0046.skp,FRM_FLT_0046.jpg,kitchen,tall,flat
FRM_CORNERCAB_LH_EMPTY,EURO CORNER DOOR LH EMPTY ,FRM_FLT_0047.skp,FRM_FLT_0047.jpg,kitchen,tall,flat
FRM_CORNERCAB_RH,"EURO CORNER DOOR RH, 1 SHELF",FRM_FLT_0048.skp,FRM_FLT_0048.jpg,kitchen,tall,flat
FRM_CORNERCAB_RH_EMPTY,EURO CORNER DOOR RH EMPTY ,FRM_FLT_0049.skp,FRM_FLT_0049.jpg,kitchen,tall,flat
FRM_TDF_BREAKFAST_DBLE,"EURO BREAKFAST TALL POCKET, 3 DRAWERS INSET",FRM_FLT_0050.skp,FRM_FLT_0050.jpg,kitchen,tall,flat
FRM_TDF_BREAKFAST_DBLE 3DRAWER,"EURO BREAKFAST DOOR LR, 3 DRAWERS ",FRM_FLT_0051.skp,FRM_FLT_0051.jpg,kitchen,tall,flat
FRM_TDF_BREAKFAST_DBLE 3DRAWER,"EURO BREAKFAST HALF POCKET, 3 DRAWERS",FRM_FLT_0052.skp,FRM_FLT_0052.jpg,kitchen,tall,flat
FRM_TDF_BREAKFAST_LHS,"EURO BREAKFAST TALL POCKET LH, 3 DRAWERS INSET",FRM_FLT_0053.skp,FRM_FLT_0053.jpg,kitchen,tall,flat
FRM_TDF_BREAKFAST_LHS 3DRAWER,"EURO BREAKFAST DOOR LH, 3 DRAWERS ",FRM_FLT_0054.skp,FRM_FLT_0054.jpg,kitchen,tall,flat
FRM_TDF_BREAKFAST_LHS3DRAWER 3DRAWER,"EURO BREAKFAST HALF POCKET LH, 3 DRAWERS ",FRM_FLT_0055.skp,FRM_FLT_0055.jpg,kitchen,tall,flat
FRM_TDF_BREAKFAST_RHS,"EURO BREAKFAST TALL POCKET RH, 3 DRAWERS INSET",FRM_FLT_0056.skp,FRM_FLT_0056.jpg,kitchen,tall,flat
FRM_TDF_BREAKFAST_RHS 3DRAWER,"EURO BREAKFAST DOOR RH, 3 DRAWERS INSET ",FRM_FLT_0057.skp,FRM_FLT_0057.jpg,kitchen,tall,flat
FRM_TDF_BREAKFAST_RHS3DRAWER 3DRAWER,"EURO BREAKFAST HALF POCKET RH, 3 DRAWERS ",FRM_FLT_0058.skp,FRM_FLT_0058.jpg,kitchen,tall,flat
FRM_5SHELF_LH,"EURO DOOR LH, 5 SHELVES",FRM_FLTW_0059.skp,FRM_FLTW_0059.jpg,all,tall,flat
FRM_5SHELF_LR ,"EURO DOOR LR, 5 SHELVES",FRM_FLTW_0060.skp,FRM_FLTW_0060.jpg,all,tall,flat
FRM_5SHELF_OPEN,5 SHELVES INSET,FRM_FLTW_0061.skp,FRM_FLTW_0061.jpg,all,tall,open
FRM_5SHELF_RH,"EURO DOOR RH, 5 SHELVES",FRM_FLTW_0062.skp,FRM_FLTW_0062.jpg,all,tall,flat
FRM_TDF_2DRW HANGING_LH,"EURO DOOR LH, 2 DRAWERS, HANGING, SHELF",FRM_FLTW_0063.skp,FRM_FLTW_0063.jpg,wardrobe,tall,flat
FRM_TDF_2DRW_HANGING_O,"2 DRAWERS, HANGING, SHELF ",FRM_FLTW_0064.skp,FRM_FLTW_0064.jpg,wardrobe,tall,open
FRM_TDF_2DRW_HANGING_RH#,"EURO DOOR RH, 2 DRAWERS, HANGING, SHELF",FRM_FLTW_0065.skp,FRM_FLTW_0065.jpg,wardrobe,tall,flat
FRM_TDF_2DRWHANGINGLR#,"EURO DOOR LR, 2 DRAWERS, HANGING, SHELF",FRM_FLTW_0066.skp,FRM_FLTW_0066.jpg,wardrobe,tall,flat
FRM_TDF_3DRW HANGING,"EURO DOOR LH, 3 DRAWERS, HANGING, SHELF",FRM_FLTW_0067.skp,FRM_FLTW_0067.jpg,wardrobe,tall,flat
FRM_TDF_3DRW_HANGING_R,"EURO DOOR RH, 3 DRAWERS, HANGING, SHELF",FRM_FLTW_0068.skp,FRM_FLTW_0068.jpg,wardrobe,tall,flat
FRM_TDF_3DRWHANGINGLR#,"EURO DOOR LR, 3 DRAWERS, HANGING, SHELF",FRM_FLTW_0069.skp,FRM_FLTW_0069.jpg,wardrobe,tall,flat
FRM_TDF_4DRW3HANGING_R#,"EURO DOOR RH, 4 DRAWERS, HANGING, SHELF",FRM_FLTW_0070.skp,FRM_FLTW_0070.jpg,wardrobe,tall,flat
FRM_TDF_4DRW3HANGINGL,"EURO DOOR LH, 4 DRAWERS, HANGING, SHELF",FRM_FLTW_0071.skp,FRM_FLTW_0071.jpg,wardrobe,tall,flat
FRM_TDF_4DRWHANGING,"4 DRAWERS, HANGING, SHELF",FRM_FLTW_0072.skp,FRM_FLTW_0072.jpg,wardrobe,tall,open
FRM_TDF_4DRWHANGINGLR#,"EURO DOOR LR, 4 DRAWERS, HANGING, SHELF",FRM_FLTW_0073.skp,FRM_FLTW_0073.jpg,wardrobe,tall,flat
FRM_TDF_DOUBLEHANGING_L,"EURO DOOR LH, DOUBLE HANGING, SHELF",FRM_FLTW_0074.skp,FRM_FLTW_0074.jpg,wardrobe,tall,flat
FRM_TDF_DOUBLEHANGING_LR#,"EURO DOOR LR, DOUBLE HANGING, SHELF",FRM_FLTW_0075.skp,FRM_FLTW_0075.jpg,wardrobe,tall,flat
FRM_TDF_DOUBLEHANGING_R#,"EURO DOOR RH, DOUBLE HANGING, SHELF",FRM_FLTW_0076.skp,FRM_FLTW_0076.jpg,wardrobe,tall,flat
FRM_TDF_HANGING_L ,"EURO DOOR LH, HANGING, SHELF",FRM_FLTW_0077.skp,FRM_FLTW_0077.jpg,wardrobe,tall,flat
FRM_TDF_HANGING_LR#,"EURO DOOR LR, HANGING, SHELF",FRM_FLTW_0078.skp,FRM_FLTW_0078.jpg,wardrobe,tall,flat
FRM_TDF_HANGING_OPI,"HANGING, SHELF",FRM_FLTW_0079.skp,FRM_FLTW_0079.jpg,wardrobe,tall,open
FRM_TDF_HANGING_R#,"EURO DOOR RH, HANGING, SHELF",FRM_FLTW_0080.skp,FRM_FLTW_0080.jpg,wardrobe,tall,flat
FRM_2DRAWERPACK_DBX DRIVEN,2 DRAWER PACK - INSERT ,FRM_FLTW_0081.skp,FRM_FLTW_0081.jpg,wardrobe,add-in,flat
FRM_3DRAWERPACK,3 DRAWER PACK - INSERT ,FRM_FLTW_0082.skp,FRM_FLTW_0082.jpg,wardrobe,add-in,open
FRM_3DRAWERPACK_DBX DRIVEN,3 DRAWER PACK - INSERT BOX DRIVEN,FRM_FLTW_0083.skp,FRM_FLTW_0083.jpg,wardrobe,add-in,flat
FRM_4DRAWERPACK_DBX DRIVEN,4 DRAWER PACK - INSERT ,FRM_FLTW_0084.skp,FRM_FLTW_0084.jpg,wardrobe,add-in,flat
FRM_TDF_2DRW1TRAY HANGING LH,"EURO DOOR LH, TRAY, 2 DRAWER, HANGING , SHELF",FRM_FLTW_0085.skp,FRM_FLTW_0085.jpg,wardrobe,tall,flat
FRM_TDF_2DRW1TRAY HANGING LR#,"EURO DOOR LR, TRAY, 2 DRAWER, HANGING , SHELF",FRM_FLTW_0086.skp,FRM_FLTW_0086.jpg,wardrobe,tall,flat
FRM_TDF_2DRW1TRAY HANGING,"EURO DOOR RH, TRAY, 2 DRAWER, HANGING , SHELF",FRM_FLTW_0087.skp,FRM_FLTW_0087.jpg,wardrobe,tall,flat
FRM_TWARDROBE HANGING DOUBLE POCKET 3 DRAWER,"EURO POCKET DOUBLE, 3 DRAWER, HANGING SHELF",FRM_FLTW_0088.skp,FRM_FLTW_0088.jpg,wardrobe,tall,flat
TDF_WASHER_UNDER POCKET,"EURO POCKET DOUBLE, WASHER, DRAWER 3 SHELVES",FRM_FLTX_0089.skp,FRM_FLTX_0089.jpg,utility,tall,flat
TDF_WASHER_UNDER POCKET LEFT,"EURO POCKET LH, WASHER, DRAWER 3 SHELVES",FRM_FLTX_0090.skp,FRM_FLTX_0090.jpg,utility,tall,flat
TDF_WASHER_UNDER POCKETRIGHT,"EURO POCKET RH, WASHER, DRAWER 3 SHELVES",FRM_FLTX_0091.skp,FRM_FLTX_0091.jpg,utility,tall,flat
FRM_4DF_OPN,"4 DRAWERS, INSIDE CABINET",FRM_FLT_0092.skp,FRM_FLT_0092.jpg,all,base,flat
FRM_4DF_FLT,"4 DRAWERS, FLT",FRM_FLT_0093.skp,FRM_FLT_0093.jpg,all,base,flat
FRAME PLINTH,FRAME PLINTH,FRM_PLI_0001.skp,FRM_PLI_0001.jpg,all,add-in,
INF_1DF_1BIN#0,"INFRAME 1 DRAWER, BIN ",FRM_INF_0001.skp,FRM_INF_0001.jpg,kitchen,base,in-frame
INF_1DF_1DRW#0,INFRAME 1 DRAWER,FRM_INF_0002.skp,FRM_INF_0002.jpg,kitchen,base,in-frame
INF_1DF_2DRW#0,"INFRAME 1 DRAWER FRONT, 2 DRAWERS",FRM_INF_0003.skp,FRM_INF_0003.jpg,kitchen,base,in-frame
INF_1DF_2DRWLH #0,"INFRAME 1 DOOR FRONT LH , 2 DRAWERS",FRM_INF_0004.skp,FRM_INF_0004.jpg,kitchen,base,in-frame
INF_1DF_2DRWRH#0,"INFRAME 1 DRAWER FRONT, 2 DRAWERS",FRM_INF_0005.skp,FRM_INF_0005.jpg,kitchen,base,in-frame
INF_1DF_3DRW#0,"INFRAME 1 DRAWER FRONT, 3 DRAWERS",FRM_INF_0006.skp,FRM_INF_0006.jpg,kitchen,base,in-frame
INF_1DF_3DRWLH #0,"INFRAME 1 DOOR FRONT LH , 3 DRAWERS",FRM_INF_0007.skp,FRM_INF_0007.jpg,kitchen,base,in-frame
INF_1DF_3DRWLR#0,"INFRAME 1 DOOR FRONT LR, 3 DRAWERS ",FRM_INF_0008.skp,FRM_INF_0008.jpg,kitchen,base,in-frame
INF_1DF_3DRWRH#0,"INFRAME 1 DOOR FRONT RH, 3 DRAWERS ",FRM_INF_0009.skp,FRM_INF_0009.jpg,kitchen,base,in-frame
INF_1SHELF_LH#0,"INFRAME DOOR LH, 1 SHELF ",FRM_INF_0010.skp,FRM_INF_0010.jpg,kitchen,base,in-frame
INF_1SHELF_LR#0,"INFRAME DOOR LR, 1 SHELF ",FRM_INF_0011.skp,FRM_INF_0011.jpg,kitchen,base,in-frame
INF_1SHELF_OPEN#0,INFRAME 1 SHELF  ,FRM_INF_0012.skp,FRM_INF_0012.jpg,kitchen,base,in-frame
INF_1SHELF_RH#0,"INFRAME DOOR RH, 1 SHELF ",FRM_INF_0013.skp,FRM_INF_0013.jpg,kitchen,base,in-frame
INF_2DF_2DRW#0,"INFRAME 2 DRAWER FRONT, 2 DRAWERS",FRM_INF_0014.skp,FRM_INF_0014.jpg,kitchen,base,in-frame
INF_2DF_3DRW#0,"INFRAME 2 DRAWER FRONT, 3 DRAWERS",FRM_INF_0015.skp,FRM_INF_0015.jpg,kitchen,base,in-frame
INF_2SHELF_LR#0,"INFRAME DOOR LR, 2 SHELVES ",FRM_INF_0016.skp,FRM_INF_0016.jpg,kitchen,base,in-frame
INF_2DR_2DRW_RH#0,"INFRAME DOOR RH, 2 SHELVES ",FRM_INF_0017.skp,FRM_INF_0017.jpg,kitchen,base,in-frame
INF_2DR_2DRW_LH#0,"INFRAME DOOR LH, 2 SHELVES ",FRM_INF_0018.skp,FRM_INF_0018.jpg,kitchen,base,in-frame
INF_2SHELF_OPEN#0,INFRAME 2 SHELVES ,FRM_INF_0020.skp,FRM_INF_0020.jpg,kitchen,base,in-frame
INF_3DF_DRW#0,INFRAME 3 DRAWERS,FRM_INF_0022.skp,FRM_INF_0022.jpg,kitchen,base,in-frame
INF_OVEN_2DRW_LH#0,"INFRAME 2 DRAWERS, OVEN, DOOR LH SHELVES INSET",FRM_INF_0024.skp,FRM_INF_0024.jpg,kitchen,tall,in-frame
INF_OVEN_2DRW_RH#0,"INFRAME 2 DRAWERS, OVEN, DOOR RH SHELVES INSET",FRM_INF_0025.skp,FRM_INF_0025.jpg,kitchen,tall,in-frame
INF_OVEN_OVERDRW#0,"INFRAME, OVEN OVER DRAWER ",FRM_INF_0026.skp,FRM_INF_0026.jpg,kitchen,base,in-frame
INF_OVEN_UNDER#0,"INFRAME, OVEN UNDER DRAWER ",FRM_INF_0027.skp,FRM_INF_0027.jpg,kitchen,base,in-frame
INF_STKD_OVEN_2DRW_LH#0,"INFRAME, 2 DRAWER, OVEN STACKED, DOOR LH",FRM_INF_0028.skp,FRM_INF_0028.jpg,kitchen,tall,in-frame
INF_STKD_OVEN_2DRW_RH#0,"INFRAME, 2 DRAWER, OVEN STACKED, DOOR RH",FRM_INF_0029.skp,FRM_INF_0029.jpg,kitchen,tall,in-frame
INF_TDF_3DRW3SHELVES_O#0,"INFRAME, 3 DRAWERS, SHELVES INSET ",FRM_INF_0030.skp,FRM_INF_0030.jpg,kitchen,tall,in-frame
INF_TDF_3DRW3SHELVES_R #0,"INFRAME, 3 DRAWERS,DOOR RH, SHELVES INSET",FRM_INF_0031.skp,FRM_INF_0031.jpg,kitchen,tall,in-frame
INF_TDF_3DRW3SHELVESL#0,"INFRAME, 3 DRAWERS,DOOR LH, SHELVES INSET",FRM_INF_0032.skp,FRM_INF_0032.jpg,kitchen,tall,in-frame
INF_TDF_3DRW3SHELVESLR#0,"INFRAME, 3 DRAWERS, DOOR LR, SHELVES INSET ",FRM_INF_0033.skp,FRM_INF_0033.jpg,kitchen,tall,in-frame
INF_TDF_4DRW3SHELVES_O#0,"INFRAME, 4 DRAWERS, SHELVES INSET ",FRM_INF_0034.skp,FRM_INF_0034.jpg,kitchen,tall,in-frame
INF_TDF_4DRW3SHELVES_R#0,"INFRAME, 4 DRAWERS, DOOR RH SHELVES INSET",FRM_INF_0035.skp,FRM_INF_0035.jpg,kitchen,tall,in-frame
INF_TDF_4DRW3SHELVESL#0,"INFRAME, 4 DRAWERS, DOOR LH SHELVES INSET",FRM_INF_0036.skp,FRM_INF_0036.jpg,kitchen,tall,in-frame
INF_TDF_4DRW3SHELVESLR#0,"INFRAME, 4 DRAWERS, DOOR LR SHELVES INSET",FRM_INF_0037.skp,FRM_INF_0037.jpg,kitchen,tall,in-frame
INF_TDF_5DRW_SHELVES_L#0,"INFRAME, 5 DRAWERS,DOOR LH, SHELVES INSET",FRM_INF_0038.skp,FRM_INF_0038.jpg,kitchen,tall,in-frame
INF_TDF_5DRW_SHELVES_LR#0,"INFRAME, 5 DRAWERS,DOOR LR, SHELVES INSET",FRM_INF_0039.skp,FRM_INF_0039.jpg,kitchen,tall,in-frame
INF_TDF_5DRW_SHELVES_O#0,"INFRAME, 5 DRAWERS, SHELVES INSET",FRM_INF_0040.skp,FRM_INF_0040.jpg,kitchen,tall,in-frame
INF_TDF_5DRW_SHELVES_R #0,"INFRAME, 5 DRAWERS,DOOR RH, SHELVES INSET",FRM_INF_0041.skp,FRM_INF_0041.jpg,kitchen,tall,in-frame
INF_EPTY#0,"INFRAME, EMPTY",FRM_INF_0042.skp,FRM_INF_0042.jpg,all,base,in-frame
INF_EPTY_L#0,"INFRAME, DOOR LH EMPTY",FRM_INF_0043.skp,FRM_INF_0043.jpg,all,base,in-frame
INF_EPTY_LR #0,"INFRAME, DOOR LR EMPTY",FRM_INF_0044.skp,FRM_INF_0044.jpg,all,base,in-frame
INF_EPTY_R #0,"INFRAME, DOOR RH EMPTY",FRM_INF_0045.skp,FRM_INF_0045.jpg,all,base,in-frame
INF_CORNERCAB_LH_EMPTY#0,"INFRAME, DOOR CORNER LH EMPTY",FRM_INF_0046.skp,FRM_INF_0046.jpg,all,base,in-frame
INF_CORNERCAB_RH_EMPTY#0,"INFRAME, DOOR CORNER RH EMPTY",FRM_INF_0048.skp,FRM_INF_0048.jpg,all,base,in-frame
INF_5SHELF_LH#0,"INFRAME, DOOR LH, 5 SHELVES INSET",FRM_INF_0059.skp,FRM_INF_0059.jpg,all,tall,in-frame
INF_5SHELF_LR #0,"INFRAME, DOOR LR, 5 SHELVES INSET",FRM_INF_0060.skp,FRM_INF_0060.jpg,all,tall,in-frame
INF_5SHELF_O#0,"INFRAME, 5 SHELVES INSET",FRM_INF_0061.skp,FRM_INF_0061.jpg,all,tall,in-frame
INF_5SHELF_RH#0,"INFRAME, DOOR RH, 5 SHELVES INSET",FRM_INF_0062.skp,FRM_INF_0062.jpg,all,tall,in-frame
INF_5DRW_O#0,"INFRAME, 5 DRAWER, SHELF",FRM_INF_0063.skp,FRM_INF_0063.jpg,all,tall,in-frame
INF_4DRAW_O#0,"INFRAME, 4 DRAWER, SHELF",FRM_INF_0064.skp,FRM_INF_0064.jpg,all,tall,in-frame
INFO_3DRAW_O#0,"INFRAME, 3 DRAWER, SHELF",FRM_INF_0065.skp,FRM_INF_0065.jpg,all,tall,in-frame
INFO_2DRAW_O#0,"INFRAME, 2 DRAWER, SHELF",FRM_INF_0066.skp,FRM_INF_0066.jpg,all,tall,in-frame
INFW_3DRW HANGING_O#0,"INFRAME, 3 DRAWER, HANGING, SHELF ",FRM_INF_0067.skp,FRM_INF_0067.jpg,wardrobe,tall,in-frame
INFW_3DRW_HANGING_L#0,"INFRAME, 3 DRAWER, DOOR LH HALF HANGING, OPEN SHELF ",FRM_INF_0068.skp,FRM_INF_0068.jpg,wardrobe,tall,in-frame
INFW_3DRWHANGINGLR#0,"INFRAME, 3 DRAWER, DOOR LR HALF HANGING, SHELF ",FRM_INF_0069.skp,FRM_INF_0069.jpg,wardrobe,tall,in-frame
INFW_3DRWHANGING_R#0,"INFRAME, 3 DRAWER, DOOR RH HALF HANGING, SHELF ",FRM_INF_0070.skp,FRM_INF_0070.jpg,wardrobe,tall,in-frame
INFW_2DRW_HANGING#0,"INFRAME, 2 DRAWER, HANGING, SHELF ",FRM_INF_0071.skp,FRM_INF_0071.jpg,wardrobe,tall,in-frame
INFW_2DRW_HANGING_L#0,"INFRAME, 3 DRAWER, DOOR LH HALF HANGING, SHELF ",FRM_INF_0072.skp,FRM_INF_0072.jpg,wardrobe,tall,in-frame
INFW_2DRWHANGINGLR#0,"INFRAME, 3 DRAWER, DOOR LR HALF HANGING, SHELF ",FRM_INF_0073.skp,FRM_INF_0073.jpg,wardrobe,tall,in-frame
INFW_2DRWHANGING_R#0,"INFRAME, 3 DRAWER, DOOR RH HALF HANGING, SHELF ",FRM_INF_0074.skp,FRM_INF_0074.jpg,wardrobe,tall,in-frame
INF_DRWABV_4DRW#0,IN FRAME DRAWER ABOVE 4 DRAWERS ,FRM_INF_0075.skp,FRM_INF_0075.jpg,kitchen,base,in-frame
INF_FXDABV_4DRW#0,INFRAME FIXED PANEL ABOVE 4 DRAWERS,FRM_INF_0076.skp,FRM_INF_0076.jpg,kitchen,base,in-frame
INF_POPTRAY_STKD#0,IN FRAME POP OUT TRAY STACKED ,FRM_INF_0077.skp,FRM_INF_0077.jpg,kitchen,base,in-frame
INF_POPTRAY_STKD_DRAWER#0,IN FRAME DRAWER ABOVE POP OUT TRAY STACKED ,FRM_INF_0078.skp,FRM_INF_0078.jpg,kitchen,base,in-frame
INF_DRABVDR_LR#0,IN FRAME DRAWER  ABOVE DOOR LR ,FRM_INF_0086.skp,FRM_INF_0086.jpg,kitchen,base,in-frame
INF_DRABVDR_RH#0,IN FRAME DRAWER  ABOVE DOOR RH,FRM_INF_0087.skp,FRM_INF_0087.jpg,kitchen,base,in-frame
INF_DRABVDR_LH#0,IN FRAME DRAWER  ABOVE DOOR LH,FRM_INF_0088.skp,FRM_INF_0088.jpg,kitchen,base,in-frame
INF_FXDBVDR_LR#0,IN FRAME FIXED PANEL ABOVE DOOR LR,FRM_INF_0089.skp,FRM_INF_0089.jpg,kitchen,base,in-frame
INF_FXDABVDR_RH#0,IN FRAME FIXED PANEL ABOVE DOOR RH,FRM_INF_0090.skp,FRM_INF_0090.jpg,kitchen,base,in-frame
INF_FXDABVDR_LH#0,IN FRAME FIXED PANEL ABOVE DOOR LH,FRM_INF_0091.skp,FRM_INF_0091.jpg,kitchen,base,in-frame
INF_DR5DRW_IH_LH#0,"INFRAME, DOOR LH, 5 DRAWER, INSET HANGING ",FRM_INF_0092.skp,FRM_INF_0092.jpg,wardrobe,tall,in-frame
INF_DR5DRW_IH_LR#0,"INFRAME, DOOR LR, 5 DRAWER, INSET ",FRM_INF_0093.skp,FRM_INF_0093.jpg,wardrobe,tall,in-frame
INF_DR5DRW_IH_RH#0,"INFRAME, DOOR RH, 5 DRAWER, INSET ",FRM_INF_0094.skp,FRM_INF_0094.jpg,wardrobe,tall,in-frame
INF_DR4DRW_IH_LH#0,"INFRAME, DOOR LH, 4 DRAWER, INSET ",FRM_INF_0095.skp,FRM_INF_0095.jpg,wardrobe,tall,in-frame
INF_DR4DRW_IH_LR#0,"INFRAME, DOOR LR, 4 DRAWER, INSET ",FRM_INF_0096.skp,FRM_INF_0096.jpg,wardrobe,tall,in-frame
INF_DR5DRW_IH_RH#0,"INFRAME, DOOR RH, 4 DRAWER, INSET ",FRM_INF_0097.skp,FRM_INF_0097.jpg,wardrobe,tall,in-frame
INF_DR3DRW_IH_LH#0,"INFRAME, DOOR LH, 3 DRAWER, INSET ",FRM_INF_0098.skp,FRM_INF_0098.jpg,wardrobe,tall,in-frame
INF_DR3DRW_IH_LR#0,"INFRAME, DOOR LR, 3 DRAWER, INSET ",FRM_INF_0099.skp,FRM_INF_0099.jpg,wardrobe,tall,in-frame
INF_DR3DRW_IH_RH#0,"INFRAME, DOOR RH, 3 DRAWER, INSET ",FRM_INF_0100.skp,FRM_INF_0100.jpg,wardrobe,tall,in-frame
INF_DR2DRW_IH_LH#0,"INFRAME, DOOR LH, 2 DRAWER, INSET ",FRM_INF_0101.skp,FRM_INF_0101.jpg,wardrobe,tall,in-frame
INF_DR2DRW_IH_LR#0,"INFRAME, DOOR LR, 2 DRAWER, INSET ",FRM_INF_0102.skp,FRM_INF_0102.jpg,wardrobe,tall,in-frame
INF_DR2DRW_IH_RH#0,"INFRAME, DOOR RH, 2 DRAWER, INSET ",FRM_INF_0103.skp,FRM_INF_0103.jpg,wardrobe,tall,in-frame